{
  "pos": [
    0.0,
    0.0,
    0.0
  ],
  "scale": [
    1.0,
    0.9208494424819946,
    0.9208494424819946
  ],
  "hpr": [
    0.0,
    0.0,
    0.0
  ],
  "tags": [
    "id#editor"
  ],
  "type": null
}