{
  "pos": [
    -1.0,
    0.0,
    1.0
  ],
  "scale": [
    0.0041928719729185104,
    1.0,
    0.0038610037881881
  ],
  "hpr": [
    0.0,
    0.0,
    0.0
  ],
  "tags": [
    "id#editor"
  ],
  "type": null
}